comuna;socioeconomico;tipo_cliente;evento_anomalo;eficiencia_energetica;semana_1_diurno;semana_2_diurno;semana_3_diurno;semana_4_diurno;semana_1_nocturno;semana_2_nocturno;semana_3_nocturno;semana_4_nocturno
Vitacura;bajo;INDUSTRIAL;;alto;55.22747193237998;51.71960451870422;50.76355238410291;67.78404256659945;35.59763856669197;29.987515156869165;37.96344093426657;45.77922272659921
Vitacura;medio;RESIDENCIAL;;medio;36.108344820895844;29.273206799036522;25.00040145240586;28.89584794197931;18.42751211894055;30.94975181685737;27.48788232789679;21.405689601140836
Vitacura;alto;COMERCIAL;;medio;74.06579707731179;70.62964450426628;70.90898125691379;74.93182726917445;38.303552216465725;53.012562883158935;52.40882128018602;46.98997633108057
Vitacura;bajo;COMERCIAL;;alto;53.867875499492456;51.55324627961579;67.56362626871805;60.1045247296032;44.60488098240687;35.902693960907825;48.89787100270018;43.079663969068434
Vitacura;alto;INDUSTRIAL;;alto;60.75670337657344;57.074358863238984;57.49024359413747;70.35206160023142;37.27029374254812;41.80854879499937;48.949639256777886;36.5934483988908
Vitacura;alto;RESIDENCIAL;;bajo;13.52468114174328;17.8000027614284;24.661185896436457;21.406269766140003;23.372511629729736;11.437040686881165;23.157973306468605;5.072203883934852
Vitacura;alto;COMERCIAL;;alto;56.43675472509804;51.10915101430481;68.54240460571467;63.30285632557041;43.826655609221305;31.245538998918697;39.36718377976433;49.36051231541372
Vitacura;medio;COMERCIAL;;alto;60.543094710560254;46.66676358032567;50.52002065965212;47.444182033992305;42.99928032783234;44.15920227124652;31.677185969747747;41.31487673322752
Vitacura;bajo;RESIDENCIAL;;medio;5.280732481544031;3.2372266425467426;13.69836305154143;10.540261652683007;1.1303220756632584;15.63977362282628;1.1243731047601582;4.72839461349758
Vitacura;bajo;INDUSTRIAL;;alto;71.67590402812573;66.09545346388175;66.7287638143996;70.81811427459948;50.72882027922821;39.42290950839366;44.96868751392108;42.309119845247025
Vitacura;medio;INDUSTRIAL;;alto;55.43999757251811;48.30551122124336;63.870992480021386;46.676670601898856;37.76559034535591;42.57843043551207;40.21430273456987;36.84465372717173
Vitacura;medio;INDUSTRIAL;;bajo;83.910800358063;71.3072606565431;79.78377274793841;83.99380327311016;51.86727517460229;49.21835881948005;46.31785033413232;58.76957853532045
Vitacura;bajo;RESIDENCIAL;;medio;11.457104464029959;12.51734131914429;22.49356981379288;23.00399860343111;10.666870510030915;17.021935174774192;9.745505019565524;11.988101265905366
Vitacura;bajo;INDUSTRIAL;;medio;60.299100653409674;78.59782305192428;70.85413674053417;67.57112341057069;43.66080856142479;43.26482422405165;37.61375416773174;50.93224096065007
Vitacura;alto;RESIDENCIAL;;medio;17.242852682055094;19.784019378208768;11.923525146450293;29.503825439440497;15.525611384096296;8.794134378802301;16.037346286063347;20.963597447144952
Vitacura;alto;COMERCIAL;;medio;73.55117244033279;80.83864987364944;80.54396365226589;73.1882986500301;53.45592876764641;60.330506130242796;54.62403031265569;52.143122695738214
Vitacura;bajo;RESIDENCIAL;;alto;28.568363856420095;26.241242851767268;25.406707825645917;17.627680030000057;26.019359033398874;22.108805711281363;8.545598608732298;21.929259591268174
Vitacura;alto;RESIDENCIAL;;medio;32.23490503983523;35.42570015091148;41.03826154393397;35.83837951994502;18.741832416944042;19.424419793485335;20.4921643354538;29.84455531757132
Vitacura;bajo;INDUSTRIAL;;alto;54.6904511993016;50.058454856118296;64.2790193185698;62.98727570622464;43.72070658981035;31.258589633786574;32.827067035489264;33.58012661481089
Vitacura;medio;RESIDENCIAL;;alto;13.52821237354185;16.403877254411;22.553003797459247;15.957640036864355;18.424648295800758;8.809655175958753;15.002138921891405;11.796300850203174
Vitacura;medio;INDUSTRIAL;;bajo;69.17761593941086;68.54251099212115;67.93448363414198;71.9817927729291;36.87027079395375;51.34171899865765;51.52206145756019;37.14528784487582
Vitacura;bajo;COMERCIAL;;alto;74.79996769871158;72.80758642774454;65.7863339684634;68.99700894973202;50.201774856434795;58.54482962395719;45.268336689036836;44.93406723151894
Vitacura;alto;RESIDENCIAL;;alto;21.429538398288635;17.05237345630195;17.484179154753605;24.795950020510734;14.982087046049138;17.036668568694328;8.890814535422596;20.564473931391785
Vitacura;medio;INDUSTRIAL;;medio;79.65362905267881;65.11144271621593;70.34211002285646;75.63126167796129;47.906452175185976;51.8353028058432;48.37350904316352;47.28221949650437
Vitacura;medio;INDUSTRIAL;;bajo;69.22799949758735;57.40767210746652;65.68123953090793;65.37404053103032;42.560362113368576;36.336599482323614;44.34047993565769;43.52916003523808
Vitacura;alto;INDUSTRIAL;;medio;83.10862366563052;72.23716610622893;73.51355693485975;74.01308311620812;53.142853757525614;55.272975020461146;45.86023776648007;52.64463319894417
Vitacura;medio;COMERCIAL;;medio;79.62041774010709;80.14403549327967;69.86404536580653;71.51072908791213;38.65875988685198;53.26960985505142;46.844815320694416;41.989122565475284
Vitacura;bajo;RESIDENCIAL;;bajo;45.02692695268151;37.03107704155533;45.50524569741059;31.094573335663696;25.852079537811306;26.88745134986324;17.63242440127859;20.768783962054517
Vitacura;alto;RESIDENCIAL;;medio;36.39521564203977;38.155405029630515;35.48567631725758;49.15668314780599;25.20584100501594;24.226902896507774;37.56258103310849;31.187394029357684
Vitacura;bajo;INDUSTRIAL;;alto;54.69171715837004;53.8475221633498;48.27666687158352;56.46969978566666;41.424408727794635;25.866266764395128;42.19683522730656;27.520776054056192
Vitacura;alto;INDUSTRIAL;;medio;69.98380753136986;67.09664836906975;64.99890207843531;80.7648503862685;55.041859392158145;56.02635952083942;50.730178820328064;56.931458689797196
Vitacura;medio;RESIDENCIAL;;bajo;14.29951464074941;9.863149147336012;19.048783235594037;18.59528850180648;3.0633243647174107;11.952881225554753;-0.8129476646795677;10.469832622895987
Vitacura;alto;INDUSTRIAL;;bajo;87.16509033069016;74.78634231819414;87.5090703178015;75.82288247988774;48.25341993587748;59.6541057677977;50.349732448302575;56.74179772354542
Vitacura;bajo;COMERCIAL;;medio;87.48159769767781;78.78363786662261;81.57077198317585;90.15578385857671;47.90435529724948;56.335405680131345;62.68872435681615;64.17476889195078
Vitacura;bajo;COMERCIAL;;alto;60.298343336379844;63.057587573740506;58.54366346448084;57.558134734290576;29.634392443431302;40.939500057206146;30.4702040392225;46.20058636475497
Vitacura;bajo;RESIDENCIAL;;bajo;15.580735618441022;16.331768750092216;24.563889850746442;11.780503575783348;17.583928913938546;18.31314082008925;5.5613624496254115;5.8563712972103
Vitacura;medio;RESIDENCIAL;;bajo;29.378507173863223;30.401925130146687;36.250003502714705;38.28185633722689;25.018183100605672;23.325068528523012;29.252518980343595;25.86105776244352
Vitacura;medio;RESIDENCIAL;;bajo;38.14384097949925;33.51372383818135;47.346795500666055;38.12401301019831;35.07406348409674;18.905626957735624;18.799023076294375;23.370271123471205
Vitacura;medio;COMERCIAL;;medio;68.84978610818749;73.68019611986867;67.24455254256412;56.312287285166164;47.599519754600735;41.36110723513844;38.421821923170775;46.67501427488638
Vitacura;medio;COMERCIAL;;medio;63.16586600322324;65.9951410059583;67.26966047298109;62.049407744020606;46.10934891938095;43.78746544288673;43.60609735572497;51.668658780937164
Vitacura;alto;INDUSTRIAL;;bajo;78.21261641632624;75.69753560853822;78.73424636235715;64.31271179488459;42.03135498094586;54.912031208545216;45.646737900354545;44.814493935466416
Vitacura;medio;COMERCIAL;;medio;95.34851459224107;96.62075824222218;97.59265143683788;86.000875439669;69.35313647222193;55.030408117293476;56.4258213616634;58.36128126197772
Vitacura;alto;COMERCIAL;;bajo;76.61341182382814;74.68524553738767;82.5280638888149;71.58661581455578;50.72124991358406;46.24697038118134;54.00962382108156;51.51625403239783
Vitacura;bajo;COMERCIAL;;bajo;64.01826536331471;74.32229124030226;72.26395143939777;63.50272990351624;43.756914447712234;44.67664681756878;43.87450684341361;54.99026759092105
Vitacura;medio;RESIDENCIAL;;bajo;27.088305902099123;13.080917050792978;14.307356041777078;14.72213551474491;8.614393392275188;8.978371530611335;13.716280150558154;14.74101162771271
Vitacura;bajo;RESIDENCIAL;;bajo;31.50010434730669;29.858700384611755;35.077603697246175;31.12248333827085;23.991777597039057;14.911306713758652;19.345465235009847;23.0742047091113
Vitacura;alto;COMERCIAL;;medio;65.97094896040211;78.63856042553485;81.81156350986657;72.81946776450141;41.07226005091434;50.59961356026004;44.38489000130026;50.44108186112014
Vitacura;bajo;RESIDENCIAL;;bajo;21.179859223364005;17.74533220110443;26.829593236205916;19.03711356971337;18.868724061226693;15.433906968578293;15.785729780748968;10.004687103662596
Vitacura;medio;COMERCIAL;;alto;63.35382467501977;56.93612197686847;70.97864607443283;68.30677077159692;40.06999560586957;49.440532493445346;39.94798685789112;43.56230168058366
Vitacura;medio;COMERCIAL;;alto;75.09680871180169;70.55438547948684;76.933711222305;75.05305541470324;35.63630233426192;35.795746635820805;38.62979500597757;35.104380761658945
Vitacura;medio;COMERCIAL;;bajo;71.97829345256267;75.9967064138315;84.69787262594645;83.59862671212893;61.5430910529369;60.85171899926114;53.370916690345474;50.03491940961902
Vitacura;medio;INDUSTRIAL;;bajo;88.21145304141166;92.05198914978904;81.91186727336078;84.09463904002232;56.21734709537228;53.088272757098295;56.57669934045896;62.17911561491826
Vitacura;alto;COMERCIAL;;bajo;80.10793641886566;88.83348715607755;75.71282059620194;80.28355912815768;63.2689925566554;50.156893323978665;52.43722400516508;58.120900511972366
Vitacura;medio;COMERCIAL;;medio;76.92529671404719;81.18683508310865;80.60907886726568;71.16139324142351;50.39809671254229;58.04471472333892;60.4993034702717;58.19544137235039
Vitacura;bajo;RESIDENCIAL;;alto;17.290339558872247;8.497971785490874;23.876225367024297;25.152291833814722;9.135674154465546;8.786470097341445;12.393388244125855;17.799241481478923
Vitacura;alto;RESIDENCIAL;;alto;40.44765715598845;30.864599502377647;32.239179266933576;24.1005963793165;27.62738201518937;20.371948012091455;12.211944683849598;18.749196487097127
Vitacura;alto;INDUSTRIAL;pico;alto;42.154421803978806;61.291977045828595;43.21626494764259;57.89492064111024;38.37498395220115;44.0000995330301;27.04320137561435;26.6945965645008
Vitacura;medio;COMERCIAL;;bajo;76.12443729609544;70.78913836813388;80.36489963225364;72.98146745753812;51.282603458774474;42.048175726451234;47.67488656521079;54.33582692563145
Vitacura;medio;INDUSTRIAL;;medio;71.45783801564775;77.3824349434756;69.15532194313036;78.10460132523546;42.163514659477144;45.64735529045751;44.60576113166751;55.634660507438184
Vitacura;bajo;INDUSTRIAL;;medio;70.7473797808557;70.1006669493104;75.98114864690685;64.39110215916384;40.1282393830332;43.09039879003249;36.52050480136656;52.43704425936082
Vitacura;medio;RESIDENCIAL;;medio;42.493857009898704;47.027633470366986;49.05273041506978;46.868296548429655;34.60618852804913;16.755453729725787;17.449362356978;19.30271786432384
Vitacura;bajo;RESIDENCIAL;;alto;29.66804496608236;26.504769576805437;29.87643268437131;28.083228219279036;25.71716354366266;12.016136211050691;15.941848861046221;21.465853840179264
Vitacura;alto;COMERCIAL;;bajo;59.931982444627984;68.76338290454882;59.07358123606514;65.40024921105186;42.383563173734906;49.83019549258133;48.87497606998029;49.663259527595
Vitacura;medio;INDUSTRIAL;;alto;62.97358397723475;52.10471875903252;64.90963765558462;57.90791395658162;35.24487896920402;38.34241516140072;39.58957437843476;42.754024284030244
Vitacura;bajo;COMERCIAL;;alto;64.37757680023063;58.569168698712225;60.38139292228247;57.34932148046897;34.84536077303471;51.2450107998515;40.72979788581692;38.15419346471772
Vitacura;medio;RESIDENCIAL;;medio;14.018207054465508;33.4053098938488;15.95110371867304;16.606165830733985;20.796375585581423;14.919416899870196;15.361645260445314;14.757170685134962
Vitacura;medio;COMERCIAL;;medio;68.19499636174076;78.60905787679793;73.79407201701673;71.03672474231197;38.5945129753569;43.21791919199261;42.62473475635269;41.489715626021166
Vitacura;medio;INDUSTRIAL;;medio;61.93866553383979;64.76955152218052;77.27036226726446;62.37351755678114;43.39862338601752;39.921851615148825;38.955405848103666;38.567739350549935
Vitacura;bajo;COMERCIAL;;medio;73.92393235341514;83.16170580961334;88.74923563742884;75.48341198571529;57.57049205351581;57.34251247999559;54.45336786987825;56.32243992163566
Vitacura;alto;RESIDENCIAL;;alto;32.49692014662588;16.075593059168916;33.926413311344874;29.14373877724948;25.930802089347647;14.020234320849827;8.697776774888784;7.735439855112434
Vitacura;medio;RESIDENCIAL;;alto;17.753558451698765;18.253874843403878;31.452465028547195;19.320250762044353;10.04540933488013;24.28898142641711;10.405143858054952;7.503932123671278
Vitacura;medio;INDUSTRIAL;;alto;55.22279250743603;57.471406864399114;47.293301149956065;41.34991665364511;37.64420822191478;34.05688407383687;27.786702639329867;23.957344725664043
Vitacura;bajo;INDUSTRIAL;;medio;73.44948894170555;70.12682966255088;83.70364865668886;75.7751319094834;45.178517402447184;43.135555463119246;45.650152561918425;58.48572969236909
Vitacura;medio;COMERCIAL;;medio;89.91420782198506;91.9619944097042;87.26900805892183;76.5614310030432;53.15987272245435;52.2452758317196;54.72457374151418;63.6458953352769
Vitacura;bajo;RESIDENCIAL;;alto;15.827303901668438;26.13227317815234;21.37041280743488;17.919048393523024;18.05803196700276;24.072828625281836;5.831616984523757;16.646970430412917
Vitacura;medio;INDUSTRIAL;;medio;75.96873815181509;78.41459548049201;69.41919484007647;84.43067250562474;61.63328115267755;55.514809349126494;56.54392615856894;45.93685628478296
Vitacura;bajo;COMERCIAL;;medio;82.80474129245668;86.72361888622044;70.44980517764728;80.17620711123645;59.14737645812386;58.01861850890863;61.60460395570683;59.04609774535356
Vitacura;bajo;COMERCIAL;;bajo;62.26429113157719;61.839796685288725;69.47566727202258;74.68359305844447;37.79494308447825;50.173348034492804;36.85493141521067;47.669437826074436
Vitacura;alto;COMERCIAL;;alto;50.14192819533995;50.20206609828428;49.49761602755157;48.01741690210243;29.56297000414449;43.45314924949131;45.15289533531201;43.82780182502083
Vitacura;alto;INDUSTRIAL;;alto;67.70600367731768;59.935455533420786;79.6351858529107;67.45254790595753;40.65712328544284;39.6856983299802;37.704502730978334;42.94213729248203
Vitacura;medio;RESIDENCIAL;;medio;44.92669364273197;51.34414117772859;39.6273504749463;32.75117696556538;33.060157798802905;20.946464382427727;20.063647436238693;35.756545175412214
Vitacura;alto;COMERCIAL;;bajo;95.51727208966147;90.98742233357223;104.37633081958484;102.33908308508649;75.54947493738845;74.22082786814664;67.77063231009055;63.99195931829111
Vitacura;medio;COMERCIAL;;alto;56.47876528887986;50.282709744840616;63.756062385896854;46.31866408871135;38.652585655813205;46.622606236496964;40.87869212529165;41.3327723313017
Vitacura;alto;RESIDENCIAL;;alto;30.507464920983054;27.914968881871694;25.515018578144453;24.578249490436907;23.138209362692738;23.595483743983422;11.361940990247554;24.887424237666917
Vitacura;medio;COMERCIAL;;alto;62.81940357034629;62.337527595649036;63.52038716187712;48.9680060928586;44.96759377716431;38.46390450545085;34.66063615217696;44.621311250261
Vitacura;medio;COMERCIAL;;alto;45.77949234970392;43.30911611531393;46.7991414095943;36.95578214819909;28.122515013199965;38.87975938796252;37.18521064344327;25.20431602124208
Vitacura;bajo;COMERCIAL;;medio;74.88949509595477;86.9672029237684;85.25985707775493;78.49736448306793;45.38966278826248;64.10803363308193;59.160371784685836;50.35841758593277
Vitacura;medio;INDUSTRIAL;;bajo;83.32182158673447;83.76165559585337;94.93158452242956;76.6853676032621;60.263417523109574;57.53887490682951;57.23149906528152;63.07757013981906
Vitacura;medio;INDUSTRIAL;;bajo;59.46406746500753;71.88223111974207;62.467455279029416;64.8672398551411;45.61767717371215;40.65930606221174;39.24311207508304;44.579285698710535
Vitacura;alto;COMERCIAL;;bajo;84.23986848475316;84.43112538950325;87.63436234647169;82.96538933290557;56.50273269793966;65.01688383546654;63.54812135268267;62.95408246496206
Vitacura;medio;INDUSTRIAL;;alto;58.807313710371275;61.05349835830879;63.41524025121548;52.35450373843186;42.1809092586323;30.66307607933595;33.322844619556015;33.94535815388693
Vitacura;medio;RESIDENCIAL;;alto;23.98273955154577;20.52021567702581;35.12168884238005;28.38810876751653;17.642060130429748;8.177236779806947;16.627433529381488;16.12538126891512
Vitacura;bajo;RESIDENCIAL;;bajo;25.14439299008255;28.162799901001748;22.14147511163337;29.785549265961723;20.9860911055763;14.43297430694699;15.18543651473931;9.22353275624258
Vitacura;medio;RESIDENCIAL;;alto;12.404275989813714;18.43366283829127;19.39895912862125;3.8824075090420447;14.40233825637557;1.7003710574660014;8.636981572351766;12.862833322023887
Vitacura;alto;RESIDENCIAL;;bajo;23.941389864743485;40.78448234933714;41.056860988277336;28.999530701668526;19.394038950881985;27.5266170278275;24.617067006218484;19.647187241210403
Vitacura;medio;RESIDENCIAL;;bajo;23.731603601119176;20.965227374244222;25.045922404793295;29.14165029693006;12.261999703889815;13.099064685650063;14.071117340996754;15.405213798534692
Vitacura;bajo;INDUSTRIAL;;bajo;85.25371983561058;87.58994234561976;85.852931783038;85.34873188265249;68.2700075522256;53.38706550759518;50.555253075891066;53.39335990929401
Vitacura;bajo;RESIDENCIAL;;bajo;31.039016815804246;28.461723570908198;19.217952062361924;36.1278556008212;21.772903157856867;16.21133825647283;13.392315774924931;16.530389805417755
Vitacura;medio;INDUSTRIAL;;bajo;80.97545305236183;77.22544784261338;80.21369581439797;86.20447197698421;56.820700421239664;59.416375198631314;59.00140107635252;61.41012127631426
Vitacura;bajo;COMERCIAL;;bajo;81.02564472086328;87.66451171467806;73.97279612165208;77.29031263300787;63.16627382704185;56.75794426313749;50.63765061416422;54.065012235853544
Vitacura;alto;INDUSTRIAL;;medio;81.24716234398008;62.75326834627385;76.97421804356071;62.17549178432873;48.23120616714055;38.63944981615521;45.30777056398933;44.55573133223889
Vitacura;medio;COMERCIAL;;alto;64.42340380463635;62.59891568065089;59.70095586630609;64.07176331505921;47.213121821416856;50.777229623973255;43.14586472294602;37.398851408918695
Vitacura;medio;COMERCIAL;;alto;57.25858879263292;49.09283908896819;48.19609837416573;64.96420812917779;30.603258271538557;35.7559177671347;43.64224984448047;42.23464895568323
Vitacura;alto;COMERCIAL;;alto;64.54684162401182;69.3637670103678;60.27375124931775;68.74914743770701;37.902139350218604;52.51918212425382;52.06507013838704;48.388941011458286
Vitacura;medio;RESIDENCIAL;;bajo;13.534101218713383;16.949077120199334;9.11449961130531;14.261011145365824;1.621767173046802;10.90529962805953;16.843610974884626;0.18008326278320652
Vitacura;bajo;RESIDENCIAL;;bajo;13.083081169190379;6.452160265112921;16.447458860932862;16.59841566671638;14.5186132990378;5.693892476355316;5.917896296634378;11.820327271285173
Vitacura;medio;RESIDENCIAL;;medio;20.667916255584075;36.93759119370476;33.292190377168396;33.73523894126825;13.358482157152832;12.85432880770923;11.678296027566155;10.36148637494776
Vitacura;medio;INDUSTRIAL;;alto;73.10987128947235;73.22576048886413;74.84276648895082;58.15007400463517;42.24178837387414;51.141777809392735;51.25837021638728;49.86569554796826
Vitacura;bajo;RESIDENCIAL;;alto;22.57644386032317;17.387188507207;7.1315765452842275;16.202225135420726;18.702861980972642;4.897227605611548;11.239696325230396;5.80935985651354
Vitacura;medio;COMERCIAL;;bajo;93.02226272470605;87.86778696662101;94.45120374838332;83.73784205592727;61.063506858928804;58.75320837027274;62.6053737861371;71.36719717876724
Vitacura;alto;RESIDENCIAL;;alto;26.604325356733128;20.807065428187165;25.71159545567729;20.577781421346938;27.98337120948731;14.186033199441367;22.592175586210093;20.011606896633488
Vitacura;alto;INDUSTRIAL;;alto;59.621183713170545;59.118544666325995;62.433098341262614;61.02464671828134;39.249590063695166;30.865605281052673;38.359092749018316;37.90160060116605
Vitacura;alto;RESIDENCIAL;;bajo;25.27744672093373;20.256538433143415;16.95341800977649;18.41836072955631;18.090322000914053;8.05737804437023;20.564946634088173;11.727030722175844
Vitacura;alto;COMERCIAL;;alto;70.72948629485984;79.37010719022346;64.72519083680653;75.40321546485846;42.14163470048838;39.744535030338945;44.447123439290436;50.32089541934505
Vitacura;medio;RESIDENCIAL;;bajo;39.26880068907882;34.93520260722963;38.35892835875154;43.53980559317437;19.819544785651896;15.788730224936018;25.754713309564526;17.377941903368246
Vitacura;medio;COMERCIAL;;alto;68.19750378522636;66.80813764326133;70.0478273322476;66.02047973742886;47.6266350380891;47.234711440460615;37.5090433453885;38.387902864803806
Vitacura;alto;COMERCIAL;;medio;76.94858536836125;88.67822245098324;89.45088340828809;88.2922439738054;46.063334813015345;54.28520929856903;49.21329678812454;49.99857027639601
Vitacura;alto;INDUSTRIAL;;bajo;86.84431983082555;78.08746399275269;82.62800354618682;77.5391713489334;46.751113633660715;59.281808391889314;45.58066015469784;47.615440265233765
Vitacura;medio;RESIDENCIAL;;bajo;19.085414856734378;13.596275316862135;27.142398705236264;24.788798618120225;5.007404358540152;6.470524003962161;17.38327706829177;19.65272003749409
Vitacura;bajo;INDUSTRIAL;;alto;56.816123716622855;60.50074970200874;56.66495517338711;55.44014494541377;35.08806140777966;33.73252040521406;41.652851063050846;40.03409904886795
Vitacura;alto;COMERCIAL;;medio;63.15652840551438;51.7468294975686;67.33561756239091;59.71812049656606;43.34035416554794;38.29389409907368;30.14577463787202;41.030932663733545
Vitacura;bajo;INDUSTRIAL;;bajo;63.947374173814694;71.26354090315725;57.82361814981661;63.96286112457161;37.0642111916619;45.369426970663746;47.99946137621337;49.462236404503074
Vitacura;medio;INDUSTRIAL;;alto;69.02642403672247;51.00420717233318;51.09024929428095;59.877871679771275;34.36029191556839;44.28470662633911;38.14760221591045;35.2610816332922
Vitacura;alto;RESIDENCIAL;;bajo;34.39032540806218;27.42504558174752;35.59497862568948;33.37244600456422;24.150547230950664;16.671484918085753;8.648917711898314;19.17132850068286
Vitacura;medio;RESIDENCIAL;;alto;43.10029796667111;41.635782657157;24.991233543657383;35.10461344353899;26.142383000506122;18.963799156462333;29.950755886647894;32.063165106464155
Vitacura;bajo;RESIDENCIAL;;bajo;36.435747191908156;41.74007711239719;36.40689750964858;27.035759857558922;15.898743646941327;21.050058353245607;14.854772267317587;31.88034131187143
Vitacura;alto;RESIDENCIAL;;medio;29.51652254726096;33.77617215167668;37.80918984052997;29.57873417713727;24.998854916742673;18.336204181811283;15.457580363234436;17.137576708913983
Vitacura;bajo;INDUSTRIAL;;alto;60.70033617472188;53.43005740509953;54.92044536106085;57.01299683754263;50.19630971406852;46.476793825152754;34.701774021538796;40.68257126533473
Vitacura;alto;INDUSTRIAL;;bajo;73.94049377183434;85.090271166121;83.73938145225259;88.12182971619734;51.84289390879092;52.1498852146832;52.76362145575206;53.17224554715046
Vitacura;medio;INDUSTRIAL;;bajo;81.33575947772573;74.81372656840713;63.39914700344603;78.08153224025392;40.89270405730604;44.77185909869227;46.026066831955966;46.94328917571743
Vitacura;medio;COMERCIAL;;bajo;71.85089993042479;84.24481457368744;86.57375516629033;75.66613175872963;46.23451487238961;48.341131663213666;47.269889007771106;63.982252531034845
Vitacura;bajo;INDUSTRIAL;;alto;66.82852198450848;59.30804816999472;59.80014904540971;51.72341846724298;42.57100091210915;48.938547945134246;32.22110341187933;42.13323014052774
Vitacura;bajo;RESIDENCIAL;;medio;15.89766333183484;17.41219023616369;9.427400881861546;18.116654490202695;6.372214902696644;15.893122622053934;6.107581502606142;4.793085908924654
Vitacura;alto;INDUSTRIAL;;bajo;81.67460719081839;82.4214940898408;76.49221016234387;78.01836900601623;47.60990366077908;43.26378867076305;52.39708743082254;50.1196666894506
Vitacura;medio;INDUSTRIAL;;alto;70.7039609299674;57.66993918178725;69.85384925062183;71.17511524849269;38.97497127509184;48.49922022320261;32.33098641047361;32.94634591280291
Vitacura;alto;RESIDENCIAL;corte;alto;22.25025318761128;18.187247390561453;15.09167652370648;20.503427801121166;18.16049091276637;10.621082052539863;25.492741484618463;16.842174091373586
Vitacura;medio;INDUSTRIAL;;alto;54.08181240600383;50.04140377962784;64.99858291306518;55.006346082833126;30.279809217675663;44.17384074233966;30.860774129541745;27.99573616339036
Vitacura;bajo;INDUSTRIAL;;medio;57.835603145517624;56.59255196699677;54.54865071254398;63.08526461587086;45.20238008263332;47.81954202741414;40.46276565970645;38.643292406026816
Vitacura;medio;INDUSTRIAL;;medio;81.61636062007788;70.86648963375555;79.59976933959477;73.47681864404825;61.796455444263614;55.52031446448423;61.89903788697753;46.58764275139231
Vitacura;bajo;RESIDENCIAL;;bajo;8.031957328528817;10.183008459188407;26.23143220477607;23.904948907390192;16.326972196068134;2.8817808044201065;19.945592587402725;6.48329235113904
Vitacura;alto;INDUSTRIAL;;alto;54.25836969128271;50.146227544710854;49.48605019440828;50.95486113734499;42.96392362765943;31.705547746495583;39.96498759694436;37.898551487938775
Vitacura;alto;INDUSTRIAL;;medio;73.42486104328313;70.99328277053259;60.47985539879781;73.60787022676588;48.20470100970529;43.973747660707176;39.318161069044265;53.90889435592409
Vitacura;medio;COMERCIAL;;medio;89.35305060634951;79.89635133042704;85.7296284748954;82.83931118645602;50.62521471864222;61.56230695624832;57.1819686892948;58.874048070477585
Vitacura;bajo;RESIDENCIAL;;medio;22.01153617720964;21.294315960385134;29.13531202329218;22.314306135203545;10.293696612756147;20.224249968048138;15.706623140790224;17.206818424044272
Vitacura;medio;INDUSTRIAL;pico;alto;53.49534645339436;51.10522125179967;63.916482932628796;51.91739419893456;40.77730754336851;35.19684512632317;31.954777249313285;30.269702040214245
Vitacura;medio;RESIDENCIAL;;medio;22.300922593908822;34.19978033920695;16.20087431891169;18.42898902445252;20.883131336244745;22.602736077946734;21.473356464082432;22.39763650305173
Vitacura;medio;RESIDENCIAL;;medio;23.327827948518134;30.949195178339785;33.348742951247104;19.55003938483204;12.984114346108761;18.38863505966274;9.338916653189763;10.66245181211858
Vitacura;alto;COMERCIAL;;bajo;82.19973424625498;90.9177314598804;86.70010981061523;93.44844503674766;51.90892864337953;50.09398187009511;52.904497156129025;57.05712865217243
Vitacura;medio;RESIDENCIAL;;alto;25.554738587359182;25.86840258914446;32.48341167380997;27.417009765390965;15.869968382439215;30.48752164370653;12.758052179761153;30.131982701737225
Vitacura;bajo;INDUSTRIAL;;alto;53.5613505527611;48.765894868182684;55.420513209258445;58.10518161051782;28.90017444525717;41.552784760513894;42.7752266341987;47.143450594565465
Vitacura;bajo;RESIDENCIAL;;bajo;17.31305134538612;12.23820408359327;30.361717584889483;25.576956757058106;6.294006632473744;22.203807982743044;9.858172208289442;13.841078130702625
Vitacura;alto;COMERCIAL;;medio;62.39112479134381;64.5337220476857;60.072467864132776;54.172237438377344;34.45690896404254;39.35024931895163;46.443700556822336;41.27192165886652
Vitacura;bajo;COMERCIAL;;alto;63.11279146321334;56.561883849598615;58.61545034727741;48.99752689422111;38.671387756623446;37.51823977572517;39.94766535555656;34.67101407353283
Vitacura;medio;RESIDENCIAL;;medio;20.033851825528036;26.000197442523618;36.54363566111006;19.358545565445215;10.172857408861327;27.30189897844775;15.562966100914721;24.407710897613175
Vitacura;medio;INDUSTRIAL;;bajo;75.54498445740805;64.13729345882669;81.07806373558478;63.01551713517217;39.24205962385683;40.332722498954325;54.92747997784362;50.599680374983066
Vitacura;medio;COMERCIAL;;bajo;71.48625282728783;66.98628525731637;74.30566255686611;58.74201020405425;33.12133038157129;43.14696893118671;35.20287880469139;49.95893494811329
Vitacura;medio;COMERCIAL;;medio;72.73388008100686;75.08034583303385;82.9369095314477;78.24312480227177;42.462005631219725;57.23067563905269;53.92325379912719;45.224628161881284
Vitacura;medio;RESIDENCIAL;;bajo;22.851299099667834;23.166364712663288;23.39197415477301;20.42410235705956;10.858316750066777;14.585594367935268;24.072509705046826;14.35877640149373
Vitacura;alto;COMERCIAL;;bajo;86.7609131483607;89.67618982255793;78.97520553613735;88.98265492721066;58.15466171666607;50.03702864695009;51.112435618230045;49.10803318219678
Vitacura;alto;INDUSTRIAL;;medio;82.2115636314025;71.24166275715154;74.29400199003022;82.22874801096438;55.23729709206238;52.03758133319473;53.680091483351944;40.500659588234576
Vitacura;medio;RESIDENCIAL;;medio;41.52421733041514;22.906626220203815;32.04310502519664;29.2081993346927;26.565437666161948;20.91610397368818;28.8449748547831;27.640426306920357
Vitacura;medio;INDUSTRIAL;;bajo;74.28801840377949;75.88620869700175;71.43086869257293;62.04260346015107;42.92098471413046;41.02230452400976;39.48369761459867;43.95360538169528
Vitacura;bajo;INDUSTRIAL;;medio;73.473850082019;73.78697294855442;73.6314615373831;68.95753628927594;38.21641975512414;48.524873774465746;37.09037393352057;37.763898395988576
Vitacura;alto;COMERCIAL;;medio;71.35157611239839;73.68598647573671;88.18746609956577;82.79897542593906;42.86643309516805;47.93725189994633;59.183398430955364;61.01626816590978
Vitacura;bajo;RESIDENCIAL;;alto;12.437437288174868;20.021356043501992;4.83648994999683;10.90550699987032;11.27543495842709;8.653659400964235;6.198490215784323;15.359598876420923
Vitacura;alto;COMERCIAL;;medio;66.63406827219296;69.78804640940213;70.57361693234952;73.64045126060991;52.792588733977155;46.58445206179563;41.31343118829389;53.087533652847
Vitacura;medio;COMERCIAL;;alto;54.984073832043464;51.98815364292467;68.2957890374841;54.46933525476565;38.98742883033634;42.14269564550251;32.49902407374305;31.921856965972644
Vitacura;bajo;INDUSTRIAL;;medio;83.39278028545422;88.65096011007515;88.6516975827911;89.19409974889254;53.96930156527726;50.6464014990338;58.65217442986933;59.94690919301358
Vitacura;alto;COMERCIAL;;alto;64.06967818632249;46.62393095354754;59.369666542551684;49.14460613861972;44.115226391147324;34.532264137180945;42.9650416641573;32.57064751407929
Vitacura;medio;RESIDENCIAL;;medio;25.03049956879576;21.495265350431033;26.90164336231382;24.324013895058794;3.985568853788063;20.331120962887013;12.588795644007126;7.518973519259346
Vitacura;alto;RESIDENCIAL;;bajo;31.51873301801436;30.604874342882788;33.379666878492955;31.88751442478275;25.394722222261166;22.807565790047505;29.71536556003531;13.474427775949485
Vitacura;bajo;COMERCIAL;;bajo;83.48808790337527;86.33087069784418;83.55241097859495;73.30509363158795;54.02873398133963;47.1140800165794;57.05875849747619;51.349018403907344
Vitacura;alto;RESIDENCIAL;;alto;23.45091970370444;27.85310031624886;28.77024855060337;14.273893305799676;3.38438018899404;10.558244938374573;9.867921870277561;6.0999756370714575
Vitacura;bajo;INDUSTRIAL;;alto;59.48803704478134;54.67830831996444;53.15498917076128;54.91679484365366;31.819205633173457;35.01793083588877;36.40723718998831;31.9000035911227
Vitacura;alto;RESIDENCIAL;;bajo;29.257240277832395;19.807385251636084;34.35086153182826;27.797976577514433;16.070561700925545;25.937784862328016;26.89516482870951;26.97764331190992
Vitacura;alto;COMERCIAL;;bajo;55.744221535401394;55.5416006930343;68.84422116290666;56.32687171318548;32.480340885117585;46.10095768418313;37.36510663171194;36.240116794795256
Vitacura;alto;RESIDENCIAL;;bajo;24.202009991210865;27.446829071564373;27.180084043111997;36.3570819463709;21.66958990945789;20.065316186365678;18.825460342141206;22.548031687509052
Vitacura;bajo;COMERCIAL;;medio;97.10893278229729;100.23196220267167;99.30235809980864;90.4698928040242;54.23383447423729;70.3760289145184;59.57758466746864;63.37789612829859
Vitacura;alto;RESIDENCIAL;;alto;45.51329511166604;46.872225653468476;45.452327905769536;41.52231045004331;34.069844122894104;19.429431911208304;19.80158037810027;21.46488491670879
Vitacura;medio;INDUSTRIAL;;bajo;70.11355032535891;74.62909085165177;82.05149124111607;77.86961529495863;47.736423588442165;49.8350379370803;41.86979642152792;52.931145607939385
Vitacura;alto;RESIDENCIAL;;bajo;30.313841946890577;20.32873960013311;28.02317342533047;22.18049659762902;7.667049935072843;7.964339120994596;5.738200031105295;12.248157459337591
Vitacura;bajo;COMERCIAL;;medio;60.625582634865395;54.78250553817867;68.26995759255533;51.107822283473816;47.667968838795176;30.59898691341066;30.975570048050034;36.18843031698708
Vitacura;medio;RESIDENCIAL;;alto;20.089553993373066;23.569028800570774;24.75208601154151;12.578433492227294;13.813520140935013;4.056024220320447;8.678017460341977;13.062950187663555
Vitacura;medio;INDUSTRIAL;;medio;72.80080563215179;74.81929856175933;65.39011702577602;69.09789684766781;38.42706608813059;41.148992351983104;50.6333844589124;42.71921504632164
Vitacura;medio;RESIDENCIAL;;alto;11.447973987687227;22.171322906005553;21.016231893811884;22.167665440249884;21.14414036741782;9.80407277310801;12.701410063340893;22.009801380840223
Vitacura;bajo;RESIDENCIAL;;medio;50.22862247649826;44.04589117979571;49.692349988913676;52.337179439065125;19.31578141164546;26.364387580424783;32.391571508859755;29.94610067224822
Vitacura;bajo;COMERCIAL;;bajo;51.339243483448826;53.32300293311953;50.184761387769534;57.77080630299787;31.054006798398902;39.97367577530502;32.853176398975464;38.32891428251588
Vitacura;medio;INDUSTRIAL;;alto;53.721921278578;40.598875219208594;41.33243286981657;53.80083335427264;27.194152575812907;23.497028343935245;26.81429298272632;35.02985789678183
Vitacura;alto;COMERCIAL;;alto;79.37114448448123;74.20060111515062;79.41167493763444;74.23434060778992;46.09829845596545;39.94696473199467;48.23264124732964;40.360541373291326
Vitacura;bajo;RESIDENCIAL;;alto;28.957442433607447;18.391138667412008;15.68671187129258;22.81670516209897;9.858118902662191;20.500042092711173;17.96021387476347;19.296965631689964
Vitacura;bajo;RESIDENCIAL;;bajo;45.66098576831757;36.947517173364716;37.26347899923776;42.3626460070772;19.502993200674286;20.95222296549383;20.754505813645984;30.32350942381635
Vitacura;bajo;INDUSTRIAL;;medio;81.24306153796043;70.38453666294454;85.06314930951939;84.64221722125698;52.755144859381595;43.597644672608226;42.98369970017144;55.56621916857695
Vitacura;alto;INDUSTRIAL;;medio;89.9002055263253;78.41681858841176;78.90297995843777;81.823742285674;48.35798368285914;63.66099153109201;48.5928473079466;49.540453998307285
Vitacura;medio;INDUSTRIAL;;alto;59.09311668594992;71.73634929526033;68.28321262042144;66.85605848783015;33.08224913422599;46.85322432426578;47.170834386750165;39.54185230569491
Vitacura;bajo;RESIDENCIAL;;alto;20.98615239154242;23.070222558605828;20.690491972382006;18.167238608845608;9.764370437770653;11.659352088037654;15.94874559369707;14.455418059789027
Vitacura;bajo;INDUSTRIAL;;medio;72.92331289189858;69.60937665828493;70.79318120297111;55.89701928759196;37.9484982903065;45.44205140712694;47.404353289408554;44.63737875679636
Vitacura;alto;COMERCIAL;;medio;63.5335374015505;59.19361586733653;63.50940912794019;60.26626184440141;37.6124642863577;51.02206073072313;40.606307356592346;55.785059002787015
Vitacura;medio;COMERCIAL;;medio;63.744906319119984;73.34024009407362;63.886335217887336;65.10746467713527;54.02900562261352;51.448006687036255;37.031862417637555;50.2475298359945
Vitacura;alto;RESIDENCIAL;;medio;31.99671414327259;35.312555296452004;28.755682679339998;31.838770484905574;24.319764755414326;13.940562325116934;22.825515976168724;30.951700258855634
Vitacura;bajo;COMERCIAL;;bajo;78.85615782916446;82.04367069669318;92.8648914544953;89.02367435299594;55.15214070838211;48.31670607724402;52.30724819274005;52.863308430124185
Vitacura;bajo;INDUSTRIAL;;bajo;55.50629405792793;56.815720688541774;61.65440281539834;65.13272631445139;37.757969934140235;45.12215832690275;51.01110717865267;40.05813061279685
Vitacura;alto;RESIDENCIAL;;medio;25.88353030083286;23.397669754771986;23.4950094449092;29.12691979104815;8.78527934764448;23.289951439671018;17.5497467373559;14.202890635973514
Vitacura;alto;RESIDENCIAL;;medio;24.37383120804695;33.521529524750946;42.03258970722884;29.34628676762958;13.172016443481022;29.991227381125817;26.52580677920326;27.83326926269303
Vitacura;bajo;INDUSTRIAL;;alto;53.98487652103761;52.01551200852634;63.77639380846706;55.6239156182876;28.11404162179693;27.434928590452056;30.740212280205743;46.36177121394111
Vitacura;medio;INDUSTRIAL;;medio;78.81531085695231;67.32085221646533;84.60941128855936;77.10339584386793;44.59230527537383;44.397679121394475;47.20286300823244;57.13077618148673
Vitacura;alto;INDUSTRIAL;;alto;68.0136579209815;65.03613110280338;73.60486601741856;68.6951304838699;43.2837945719663;44.32034830804794;55.108442948617956;40.20170108016184
Vitacura;alto;INDUSTRIAL;;medio;91.66755828822438;79.88491649464511;80.11005683123452;74.71971178839323;59.29119727587148;66.29592817188657;66.19531075440065;46.808181957135375
Vitacura;bajo;INDUSTRIAL;;bajo;76.20398894394935;86.64749306752049;77.90062654218907;77.26504471414708;51.32243677149983;46.045263018145896;44.70972589565814;44.0294367330435
Vitacura;alto;COMERCIAL;;alto;60.99583094661252;54.48383342010992;49.36732868102648;49.31601084358724;28.550642212347697;38.72290085858417;39.278367394171795;44.96408691869139
Vitacura;medio;COMERCIAL;;medio;78.60302899411634;74.49711746653021;69.11167953388222;76.39379026625464;52.694933702689845;57.343498801676674;39.84157595382816;44.94553152080687
Vitacura;bajo;RESIDENCIAL;;medio;5.51738425821234;5.973407464999131;21.68789749142536;21.936478838965485;5.22112827356834;9.195863703620917;4.594521732459475;3.1175219607241313
Vitacura;bajo;INDUSTRIAL;;alto;60.16279110364181;52.95744582663604;53.28807247005192;54.3717360733258;33.964883017738856;48.832925224869044;47.4884432266604;46.629734679336465
Vitacura;medio;INDUSTRIAL;;medio;90.36655925564989;92.94040226643698;92.6040608072359;77.61796483216122;52.629891236138846;58.665766191201136;61.307224350450426;55.64046612042911
Vitacura;bajo;COMERCIAL;;bajo;63.72140844024384;67.99970774422681;66.0755701138455;79.15106497126976;42.86807055966652;38.33942223763121;38.020095263431315;41.44454771401722
Vitacura;alto;COMERCIAL;;bajo;84.49823649312707;90.93131427632315;83.57289655492379;84.82944215168129;62.17268609540365;67.19207366958572;51.926169126345705;53.96578945728383
Vitacura;medio;RESIDENCIAL;;medio;31.337903618120635;25.428432393677767;25.19333441551815;22.753169475285553;20.212744743777492;14.425212337827295;19.05497140379756;26.15325194909154
Vitacura;alto;COMERCIAL;;alto;59.17060827633115;56.22142023470659;65.85826815863075;48.41776873791115;47.19589490862627;40.38601335929084;44.526461872174266;39.48262560290174
Vitacura;bajo;RESIDENCIAL;;alto;36.267030337796854;39.341460897621104;31.37599423287314;33.61793773725004;21.343702459608398;23.9973291570911;14.371087802573857;28.805115749937823
Vitacura;bajo;RESIDENCIAL;;medio;12.51247724959186;25.772965963631606;18.468672561810923;14.77658674863507;13.400060484035166;12.07178484514722;11.061908859389957;22.063884162914228
Vitacura;alto;INDUSTRIAL;;medio;71.81691357407054;81.09137326244193;66.56612666752908;64.44056248532698;49.61685475447991;40.57655841140948;48.21876372834496;42.69537226729139
Vitacura;bajo;INDUSTRIAL;;alto;76.11342313070759;68.66546991832405;70.29667572848236;68.83172876729233;51.99920934648676;39.04313060792266;43.445766590732205;38.69726619676749
Vitacura;alto;COMERCIAL;;alto;51.04052452083777;43.56958610756029;47.72571472663026;61.177405278006205;42.85952933057171;38.86663879902472;32.17388866130084;25.445167711898367
Vitacura;alto;RESIDENCIAL;;medio;13.93388780125111;20.981324029786784;21.54024713035388;28.59789624083895;20.19946865951477;18.32103878917632;14.868082837116749;5.716615853518278
Vitacura;alto;INDUSTRIAL;;alto;59.69647326433925;76.03699124454667;68.09933310304208;56.34280597470333;53.41635202347422;51.789741180167276;37.064855714721375;37.48473005127124
Vitacura;alto;INDUSTRIAL;;medio;77.90923817506915;80.16679182801556;74.00197773264948;77.10352414041819;39.00332723060162;51.95957135199814;38.567736187305655;41.13185702814356
Vitacura;alto;COMERCIAL;;medio;70.43147800390423;80.1747865884598;75.25784687265846;79.58855284415839;51.91084042816148;48.13906476121764;53.80582701512233;42.9066146925051
Vitacura;alto;INDUSTRIAL;;medio;77.6152765745436;66.34867952144809;68.19701973484975;74.2821746088624;38.64281986969414;51.803559681405886;42.0960602224458;44.974461721870796
Vitacura;medio;RESIDENCIAL;;alto;10.34692032813246;18.19311993613737;9.148810601630075;4.378324411951953;-0.3096482244186447;17.89052916548419;1.8452583220041854;15.746136812872274
Vitacura;alto;INDUSTRIAL;;medio;79.31736620405188;81.23628730249305;77.0944379226668;71.28251268653702;46.46138224729758;62.013589960247614;60.6124841200358;53.897473053653144
Vitacura;medio;COMERCIAL;;alto;70.16087887877113;54.0481775190415;66.08836807332555;57.24963007562458;47.33040377609281;39.774244028347326;42.27909493533151;38.52712293158564
Vitacura;medio;RESIDENCIAL;;alto;26.913579561302242;29.345576822242904;23.351550650567194;20.291411289187504;16.078722432261632;26.05587977431491;10.080626067552164;14.172090193456244
Vitacura;bajo;INDUSTRIAL;;alto;43.194164472997905;44.174752509150295;52.646346449278234;40.39457847659661;32.88021148982216;23.104263541027784;41.53586401553957;26.30898639505582
Vitacura;bajo;RESIDENCIAL;;medio;28.512852963951627;28.704247558312076;19.015932511412036;30.581722846639117;22.165885869943363;17.167278047232188;11.55475141288081;15.506319626210878
Vitacura;medio;COMERCIAL;;bajo;76.5384947660486;69.37643328355023;71.7215194344832;76.59871519149276;45.066133584202596;45.62864305705173;45.86768887686664;59.16371009023855
Vitacura;bajo;COMERCIAL;;medio;60.76519132116877;75.35664074932629;69.44413757341886;70.59695479635693;49.18959736481326;36.73966200790271;38.13788302144135;54.245070686289125
Vitacura;medio;INDUSTRIAL;;alto;57.07276571113874;55.140695185152865;57.77408261811332;58.1112139468525;50.03486087421718;39.207205844503505;49.35915525280326;33.90087269949717
Vitacura;alto;INDUSTRIAL;;medio;62.07003771590219;65.19363768008127;69.3263868854859;68.19691531665443;50.581943465874275;36.58816176417295;39.54352875016985;35.29407204659539
Vitacura;alto;COMERCIAL;;alto;67.47201462309796;71.84366434152723;74.13112186354081;62.22599171286821;51.08963498601736;38.44918578845045;47.42929295640115;38.87976513209393
Vitacura;medio;INDUSTRIAL;;bajo;69.15379796263268;81.60968648644352;72.54795564594521;76.02935481530008;55.12446216178175;57.14819907618707;41.69750981665209;43.84888896976891
Vitacura;bajo;RESIDENCIAL;;alto;28.257099126212644;36.59362707351218;35.86670397479534;28.819726385950634;12.19890668585394;13.924197431573571;16.77801157201862;12.500913963096446
Vitacura;medio;COMERCIAL;;bajo;69.21109451408357;85.75284653389869;81.0821014040514;79.56441043122058;52.532726983737156;42.85335640925617;60.13384674142585;50.1107946244543
